{
    "Yfij": 505430.8145741612,
    "Xztq": 454027.48146664863,
    "Bzxu": 368045.4636446695,
    "Etdgo": 55977.02106208644,
    "Jcygx": 237852.0,
    "Qusl": 291708.0,
    "Btsynz": 289941.099090637
}